T,peak_pos_100,peak_pos_002,peak_pos_101,peak_pos_110,peak_pos_103,peak_pos_112,peak_fwhm_002,a_param,c_param,unit_cell_volume,peak_height_002,ratio_002_100,ratio_101_002
25.0,23.893226779829767,25.41473301218349,27.117369264193126,42.03404725195038,45.849493879425054,49.7412190265596,0.5914284721678725,4.300279468261132,7.009085848322614,112.25307238653961,7316.555236286866,0.9933208764687781,1.4624884303086283
30.0,23.8984790553355,25.41005785598882,27.11955578979321,42.03130889215973,45.84620475909321,49.75026300529921,0.43934863954419323,4.2993480430588455,7.010354186004827,112.22409531471943,6520.167675060689,0.9326967396828549,1.454558854850846
35.0,23.899559168824332,25.409889098107243,27.117014904620447,42.031437158409446,45.84585064049481,49.749663609135425,0.434392576505986,4.299156647174438,7.0103999876954735,112.20886345092525,6574.301129540247,0.9254991487090384,1.4226823537696676
40.0,23.90195564008641,25.414534986531866,27.116557885918755,42.030399651575216,45.843574764708,49.74201308891507,0.4849369798128733,4.298731861932099,7.0091376345055645,112.17923188181817,7142.337525574921,0.975639328641641,1.3462845891644766
45.0,23.899636237825675,25.40971690540483,27.116652170465215,42.027680863856105,45.84886943670283,49.745166677199855,0.43991936525998665,4.299142925231702,7.010446826542712,112.211949368567,7187.604469094548,0.9977659088653049,1.3513647679700271
50.0,23.889795215615496,25.411441331170952,27.12057865780826,42.02283802146269,45.846017855398735,49.72971863350551,0.6144112259151333,4.300888356290032,7.0099788910884975,112.29230671462207,6906.278345016808,1.0251315036061834,1.3620775344915221
55.0,23.8976496542885,25.407785431145022,27.116001951383435,42.02684254810403,45.84179199431391,49.74150149884717,0.4369612080381394,4.299495099824104,7.010970875976253,112.23747298512481,6103.412144822436,0.8897137406122384,1.4776611763742198
60.0,23.896167365939966,25.409591601547778,27.116024720511994,42.025951561646124,45.84177508961987,49.7376221018825,0.44251009806053304,4.29975789551414,7.010480727013732,112.24340746465539,5090.335348637832,0.8515677704452465,1.804187904172599
65.0,23.89439172719018,25.408341216549736,27.118501745555704,42.024107482989464,45.8403733148734,49.72624647972553,0.5421746725105376,4.300072922257902,7.010820032426295,112.2637206050961,6070.645672701806,0.8153696294969006,1.5727354716836177
70.0,23.89289541103454,25.40926546245861,27.11362324081874,42.02347274519885,45.8423168440402,49.736838709835176,0.45278689286350066,4.30033823957485,7.01056922314421,112.27217437526897,5815.068441333808,0.9570160744456331,1.4752462235920132
75.0,23.89404265953375,25.409176246084545,27.115541260344635,42.02296474941204,45.840544119170744,49.735437675361,0.48630446222319534,4.300134706174565,7.010593660413286,112.26560702635113,6309.9869320708485,0.7979024349951332,2.1630001950561613
80.0,23.89570614295836,25.40797732593882,27.11404265658949,42.02388917153681,45.834827323602354,49.740440834725035,0.42326319337905993,4.299839834314509,7.0109188025378595,112.25617594867721,6280.11681515698,0.9842418317044288,1.3762387865294976
85.0,23.899316980226544,25.406618445899703,27.107543495692447,42.022293407599605,45.83697439126724,49.73361879284472,0.40113636869667685,4.299199983784953,7.011287822849519,112.23245103049538,7648.065827640241,1.0790803956707689,1.4093725010294422
90.0,23.890807130424527,25.412312232843302,27.112707782118687,42.02226522126739,45.837186564517324,49.7254096667945,0.47747127989160987,4.300708593170967,7.009742954784701,112.28724646120762,6922.59047676998,0.9519072169632998,1.504764520001231
95.0,23.897746464854773,25.40374515753993,27.111400312384887,42.01899804582164,45.83630654835744,49.739224378022605,0.382869937248163,4.299479490314736,7.0120676541667715,112.25711611427529,7599.938203576388,1.0484029277905873,1.5120348703096471
100.0,23.884066410202532,25.410362567510795,27.109384397185718,42.011060534386694,45.838506401159094,49.7199985559572,0.5955269439605183,4.301905013638066,7.0102720885630125,112.36034460950948,6108.960082504823,1.0676245747280404,1.4890928367647276
105.0,23.88321368814159,25.402586591378952,27.107921735356246,42.01966805422303,45.83452870678462,49.73602712914869,0.4804646558662917,4.302052166442203,7.012382190427092,112.39599702977294,5226.42799153228,0.9188850090837919,1.6550633929851823
110.0,23.887404355028107,25.40404677028022,27.10584484055914,42.02070645358045,45.83524815218028,49.732978057684235,0.3661424290531562,4.3013163159326515,7.011985842391946,112.35418504707651,8459.36135380046,1.063600108103682,1.317044728994665
115.0,23.88246301862671,25.40150262169535,27.11269514280407,42.012118024256196,45.83681458141674,49.722820603273156,0.5461970562457363,4.302189783600359,7.012676666593996,112.40542940332818,7449.976640284712,1.1604584000437075,1.4806542423795221
120.0,23.889627662488373,25.4073662120748,27.104107828244143,42.01492210186721,45.83395702521086,49.727676039759274,0.4294489269535073,4.300919329940245,7.0110846927468735,112.31511540109966,7921.145073380506,0.881880922484995,1.5432204134855403
125.0,23.886718582833627,25.403806869814815,27.107065167278886,42.013561113004165,45.83013303150962,49.72895651064542,0.45877148199920764,4.301434138461694,7.012051194541268,112.35613295633605,5930.520557791902,0.7756556086344985,1.7141606986648044
130.0,23.88664530707539,25.40610483060336,27.111317639716024,42.01111536428515,45.836374248979055,49.720559839881695,0.579793213216156,4.301443387514787,7.0114270833302665,112.3289986114446,7842.462089210272,0.9219437813881634,1.4794309148615958
135.0,23.885468187832462,25.400636564153665,27.108810299927022,42.01145945748609,45.82044050889278,49.72090930696353,0.4532390910411875,4.301656023361713,7.012911881366389,112.38780333339646,5264.867816465699,0.7678946906003371,1.6175801312396432
140.0,23.887236688897566,25.4040594991358,27.102565449646224,42.01208356007747,45.83049704053511,49.721580468121516,0.5317194638808687,4.301342449273955,7.011986744998283,112.3553698812726,7483.194172340456,1.0864944197160766,1.6083946677749201
145.0,23.891345333334915,25.403002999361608,27.10147742791696,42.01379490506838,45.8294085734868,49.72279381259766,0.42706678606560267,4.300613298242148,7.012269164654144,112.31702369029219,8652.148410893291,1.0667229831175615,1.30199212959115
150.0,23.887439013687523,25.404939872636803,27.105830146393263,42.00660439101063,45.82643547626726,49.71835253876999,0.4558305102748569,4.301306343946824,7.011743320071787,112.34367453455017,6008.0991413494785,0.8675186483101618,1.5499920733751709
155.0,23.886750029321643,25.40117122560742,27.103913584274263,42.01158921121531,45.828470033577624,49.72611017347855,0.4201883362180696,4.301428546871178,7.012766443427859,112.36855113860496,6246.960178739246,1.056534219329062,1.1664798058935497
160.0,23.870836973269032,25.402954543845002,27.10627346592362,42.005000545341716,45.82731295936549,49.71009976366567,0.5585573338436043,4.304255175529014,7.01228233215879,112.48897334410249,5367.086876393627,0.8681934072392278,2.1806551542020403
165.0,23.885021141479122,25.401919240559746,27.101981283339153,42.00622868713646,45.82578772729734,49.723524702108506,0.4177723057935298,4.301735258268418,7.012563339590015,112.38239751545497,6798.878785244093,0.8911670362868136,1.500935069857732
170.0,23.884498837554677,25.399464245529792,27.1008795247163,42.001115747779714,45.827475084104016,49.717131716061374,0.3875358505840763,4.30182555916824,7.013245275926047,112.39112493154802,6057.388843951735,0.9586015418654106,1.2210953967445293
175.0,23.88250075816093,25.405088832038974,27.102664854032557,41.998853740251214,45.821597978271264,49.70293960055847,0.5119448398508152,4.302184851735992,7.011702915199761,112.39016461216018,9152.57218122236,1.0342181712918732,1.2626719654094742
180.0,23.88401882988145,25.397855462878663,27.098801094252263,42.004395456316566,45.82218505145442,49.71773406265439,0.4292561200013887,4.301913177919387,7.013667109199686,112.41098056842488,6333.4037832796175,0.9010758626324411,1.2640846559921497
185.0,23.881615762629476,25.4006336835221,27.096678313897996,41.997124320842175,45.82949281188474,49.71464571799417,0.37748317355062233,4.302339933460718,7.012912451473095,112.41768994089854,6191.9244433940685,0.7781918379076125,1.8981237163332654
190.0,23.879468971025734,25.397022964974074,27.099604009226233,42.00347203637317,45.825253257866905,49.7015183062921,0.5774823300509929,4.302721022618015,7.013893128166293,112.44480315887223,7975.48841580991,1.0488559142833527,1.4589320810769422
195.0,23.878458023369117,25.398673182258513,27.095415816234798,41.9988820136142,45.82025272118983,49.71634705802716,0.4145450998321935,4.3029006088488115,7.013448265476169,112.46688932187685,4520.308195581493,0.7335406356784901,1.689644270193047
200.0,23.882205723026825,25.4010225846658,27.097061244156265,42.000413352325566,45.81977417513313,49.711451123539604,0.4329746909548044,4.302234695775911,7.0128068400665144,112.40018256354189,6088.581396353023,1.0383103172122088,1.3691888259096996
205.0,23.876309085692025,25.39783744859015,27.097377629324615,42.00192801671363,45.81727999621318,49.696753018429135,0.488987398396658,4.303282009711369,7.013671863134335,112.48042924797878,7830.143114852207,0.8690311651130442,1.7545105347707037
210.0,23.881420045775908,25.396267488422122,27.100483731705292,41.99604794355282,45.82091688098511,49.70855851994782,0.4044155198305024,4.3023751902379646,7.014098404951783,112.4420489948907,6636.879697120382,0.8897987636202851,1.256592450658221
215.0,23.872607830916422,25.398864324081394,27.09857009899498,41.99678351436949,45.82160191488328,49.69177966260786,0.6108690107072328,4.303940090629891,7.0133930151740405,112.51473752639625,6485.079520268289,0.8625944604224494,1.7173750772359373
220.0,23.88018594988802,25.40027444740248,27.102218168020578,41.99476593367957,45.813352676534514,49.719497553174186,0.3880572134830573,4.302593805357621,7.013007906844546,112.4342745462336,5167.698923110386,1.021756992008293,1.5798200081250997
225.0,23.873962594968408,25.39614514898862,27.09950233715339,41.993067393806136,45.814669652244476,49.70448180440451,0.3561131992482685,4.3036989694658905,7.014129284060914,112.50736915735303,7391.421373314316,1.0546592472562624,1.4932033599796304
230.0,23.872234698249486,25.393811486910234,27.096924020624453,41.99409990659069,45.813255024339654,49.68532150984965,0.5229697830526352,4.304006943154264,7.014765582873782,112.53766665400504,6638.696383111907,0.7869217346104466,1.581981742328626
235.0,23.874911889081282,25.39604635520303,27.092656800357346,41.98783222635448,45.81754735354275,49.693742066450035,0.5644493640444052,4.3035372312578595,7.014158682120836,112.50194018725848,5654.525021268128,1.0591969412574762,1.2452917781039978
240.0,23.874554856407357,25.392643895327893,27.092808654149632,41.98942177338118,45.8157951380405,49.69822573293593,0.5041476345490201,4.303593793332176,7.015082859726841,112.52102840368217,5978.743048722612,0.912727848938794,1.5324775347050106
245.0,23.874538870680087,25.39489470796121,27.10006811435157,41.99044854297809,45.813855727511196,49.70455811218089,0.43221767907822556,4.3035961492995,7.0144722231029455,112.51142806389053,7158.498798145559,0.8892312608055714,1.2431234265209408
250.0,23.870480010988686,25.393286413627212,27.092961225606626,41.98672317835441,45.81166096195193,49.70628166511879,0.37444688674372356,4.304317777244788,7.014908222087868,112.55169162480215,6127.192711435506,0.7928899056274282,1.5211088652393856
255.0,23.872528801126844,25.392422954922367,27.09090287271573,41.99027059360157,45.810306586158084,49.69518291564243,0.45153286140980514,4.3039538233327646,7.015143255196088,112.53068935808638,5948.759749421541,0.9312669443651032,1.325450705608195
260.0,23.876788787075206,25.398821443999303,27.094329938190423,41.99004066607311,45.80749647080924,49.694509470048494,0.40705243732506674,4.303197568253826,7.013404699474733,112.47575504708557,6764.715438724015,0.9258829171500027,1.1942463777168675
265.0,23.873951779994005,25.395385591705516,27.093377771443237,41.98890752815877,45.80911441435309,49.70132562290116,0.40567898614825765,4.303700886918253,7.014338243418859,112.52115780290869,8579.261899960755,1.1238418324743271,1.3652912133376147
270.0,23.871543206464434,25.39578303844658,27.092127409559115,41.990367784691905,45.808014140397994,49.696210094625705,0.4653388997487504,4.304128817210733,7.014230299417563,112.53579647958587,4910.559884435134,0.9800214933121151,1.3735343526379613
275.0,23.871196958734224,25.392278639564722,27.09148023208553,41.983079250889645,45.809333610064414,49.69840868985255,0.42509360157059217,4.304190365972795,7.0151820093055735,112.55041072805831,6530.382262217599,0.7566230930920842,1.4792536888470507
280.0,23.875052411341834,25.397657761463165,27.089117450547263,41.97793483757577,45.80704344490784,49.69778165806324,0.3902193106847749,4.303505358019178,7.013720761426056,112.49353258019929,5125.5387726983845,0.8786068234709649,1.5629310673641696
285.0,23.87151227019612,25.39388231916614,27.084183445896667,41.98032271096824,45.80383042845515,49.69215477558846,0.5212764122409713,4.304134293602593,7.014746340340389,112.54030870653965,6920.232363149831,1.0095820093941594,1.3553490404872124
290.0,23.870857584380555,25.390052206854826,27.0900249123232,41.979463108371704,45.80295303306442,49.69461858236206,0.43603032090630495,4.304250624185371,7.015787158786002,112.5548049313623,7529.6100375806045,0.9370669051197654,1.4845865311116022
295.0,23.870263262227986,25.391132062049063,27.089234141533737,41.98004241995713,45.80435550086037,49.69287626502285,0.4379048738647533,4.304356281287068,7.015493641818789,112.56341808176745,6598.742382133694,0.9239118838532668,1.306029195605213
300.0,23.867085099374076,25.389130854573807,27.08448362174814,41.97465202402571,45.80276014438168,49.690820106752724,0.45009028728977807,4.304921139422791,7.016037524815196,112.60287146971389,6005.465932161937,0.775337936475985,1.5338724584515133
305.0,23.864283006111926,25.396721385540445,27.085608491907692,41.98213627419014,45.806000525106356,49.69064174230493,0.4527295729676417,4.305419319757745,7.0139750616699095,112.59463586473719,7722.474097065381,1.1486008855690146,1.2492774166931384
310.0,23.869669181001285,25.394135826382367,27.088097774687068,41.979773680597326,45.7982724476223,49.686715915826454,0.37906177613056713,4.304461820116937,7.014677503526808,112.56074937733645,7330.990895526238,0.9475478069629923,1.5870748562907497
315.0,23.866708725720944,25.39159716440264,27.086244567216337,41.97474653922529,45.80115474514509,49.69228106303214,0.36280655823289837,4.3049880639804465,7.015367320622569,112.59418273161684,7614.963977093732,0.8841973900754243,1.144878591014002
320.0,23.87114347855634,25.390113856886185,27.086671465176458,41.974115003895,45.80256603912207,49.68512115250687,0.4499570808709264,4.304199821088624,7.015770400533779,112.56372407261912,6737.702341212597,0.9259209717287396,1.3824100217936015
325.0,23.86682737695005,25.38906044553748,27.08358311700846,41.973851812693866,45.80234817816265,49.68613627078043,0.41918973084095884,4.30496696747046,7.0160567536784875,112.60750531828194,5737.233759777342,0.9054075466557394,1.4209029887657032
330.0,23.86231038932929,25.390674026656267,27.088920242460983,41.97025971194733,45.79524815536795,49.670579630228254,0.5678971293973095,4.305767312492506,7.015618104488874,112.63783581172613,5885.433025700091,0.9527081174135634,1.2468090189316887
335.0,23.86591900065554,25.38967707055568,27.086030597181264,41.96734479758414,45.797417529997304,49.67897488887074,0.4733183204705096,4.3051289167395685,7.015889059059297,112.6119378896434,7473.3742436817865,0.8672453014496654,1.2906873881979202
340.0,23.861035438155636,25.389122603456723,27.081696157235978,41.972713789002846,45.795126430748525,49.670949414928735,0.5236803284104473,4.30599675609497,7.016039930764561,112.66553617711406,4228.57824322486,0.7556579954085751,1.8574569945497554
345.0,23.860649290665684,25.387244071296898,27.08226923775563,41.96427926921538,45.80588707846331,49.68218619241172,0.5177593735791768,4.306065636262084,7.016550420488005,112.67386760352441,8368.334006343983,1.043788183985253,1.468780845539365
350.0,23.86652149116868,25.38434086600671,27.085766806099244,41.966141911812215,45.79836391985535,49.67421121250055,0.39278600527136465,4.30502127520097,7.017339723374264,112.62774193469122,6808.7981981148805,0.7781794318347768,1.8133626245815764
355.0,23.864009553752684,25.388978660601435,27.086886164285122,41.968158097320966,45.7976415619425,49.67734748602164,0.4216418903032261,4.305467923732251,7.016078870653465,112.63534189531761,6433.687273042035,1.0248488749829225,1.5151787438414828
360.0,23.863389991346278,25.38902250507966,27.077794543361446,41.96794833622811,45.79492853171251,49.66913339658061,0.5452259975695537,4.30557828804754,7.016067297019837,112.63312155269567,6002.143959199262,0.8823357469810763,1.685413191313004
365.0,23.864062117683307,25.384922242698174,27.076692081234242,41.966507713983965,45.79526481902246,49.67351531170279,0.4058511494822016,4.305458546561064,7.017181676173769,112.65033607378331,6073.660988767202,0.8612070076604614,1.5376648591296989
370.0,23.86141421085358,25.388433109475056,27.08096059534501,41.964579088165216,45.795076018685,49.67759789340498,0.4096544804947722,4.305929341020565,7.016227225426666,112.6584122804813,6689.06987721873,0.9030657751484434,1.51589851943558
375.0,23.86013458423619,25.383451876455105,27.07766425115726,41.96698908449953,45.79146706197221,49.674425700840565,0.4058027476555027,4.306156978188551,7.017581529970732,112.68651822434532,6161.510924309103,0.8650849016760861,1.3643076009168442
380.0,23.860869707120845,25.384107071030908,27.075209559829567,41.962572396030346,45.791930251520185,49.67729131132447,0.3650131448462411,4.306026281969293,7.017403435587661,112.68437518196666,4644.201476229948,1.0800578647757082,1.5782373833787098
385.0,23.862486923593877,25.385642302988906,27.077925154224687,41.96195957907447,45.791482643145734,49.671426670825205,0.42296640792775037,4.305738703736053,7.016987754124002,112.66776116251843,6282.705020313999,0.9183358069745642,1.450094219046076
390.0,23.858734705500567,25.382454386393572,27.079486128618257,41.9650896158509,45.78740607149459,49.65945471077229,0.4529075445545764,4.3064060533398,7.01785293017213,112.70118162357969,5779.676057690819,0.9610210194131446,1.590189985869686
395.0,23.8590242047469,25.381722052202402,27.072499059741848,41.96281066386336,45.78837257660389,49.667911145680506,0.5408838689480995,4.306354507416443,7.018051950328684,112.71355755111122,7002.989112983164,0.7510070756909242,1.632734562737
400.0,23.85846842975081,25.383469574931976,27.08240057444206,41.95670967914536,45.788721278284804,49.672350759013405,0.40221957318638946,4.306453816724862,7.017576609854481,112.70797075314243,5984.795792572926,0.95587992176884,1.3608214390475486
