model,T_true,T_pred,T_std,residual
DecisionTree,60.0,50.75035041649144,,-9.249649583508564
DecisionTree,60.0,54.71663736393852,,-5.283362636061483
DecisionTree,60.0,84.18045949115138,,24.18045949115138
DecisionTree,60.0,40.83751028386053,,-19.16248971613948
DecisionTree,60.0,71.90428623287224,,11.904286232872238
DecisionTree,60.0,53.95677815651037,,-6.043221843489633
DecisionTree,60.0,70.31334176577023,,10.313341765770232
DecisionTree,60.0,84.82177752061736,,24.82177752061736
DecisionTree,60.0,84.82177752061736,,24.82177752061736
DecisionTree,60.0,68.98948297163336,,8.989482971633365
DecisionTree,60.0,35.676229299721,,-24.323770700279
DecisionTree,60.0,68.98948297163336,,8.989482971633365
DecisionTree,60.0,71.90428623287224,,11.904286232872238
DecisionTree,60.0,38.13947178203563,,-21.86052821796437
DecisionTree,60.0,100.060320367259,,40.06032036725901
DecisionTree,60.0,39.78868052345808,,-20.21131947654192
DecisionTree,60.0,55.69850881990857,,-4.301491180091432
DecisionTree,60.0,40.83751028386053,,-19.16248971613948
DecisionTree,60.0,65.75346915604612,,5.753469156046123
DecisionTree,60.0,73.64029210370445,,13.640292103704454
DecisionTree,150.0,142.37369303102656,,-7.626306968973438
DecisionTree,150.0,147.22569008108078,,-2.774309918919215
DecisionTree,150.0,210.8542087023621,,60.85420870236212
DecisionTree,150.0,156.65684107000777,,6.656841070007772
DecisionTree,150.0,195.61868392839517,,45.61868392839514
DecisionTree,150.0,123.1137889499075,,-26.8862110500925
DecisionTree,150.0,159.69222236582866,,9.692222365828655
DecisionTree,150.0,135.41185957854398,,-14.588140421456018
DecisionTree,150.0,166.78997544874213,,16.789975448742126
DecisionTree,150.0,105.48095399998536,,-44.51904600001463
DecisionTree,150.0,174.8212871708589,,24.82128717085891
DecisionTree,150.0,147.22569008108078,,-2.774309918919215
DecisionTree,150.0,147.22569008108078,,-2.774309918919215
DecisionTree,150.0,123.1137889499075,,-26.8862110500925
DecisionTree,150.0,142.37369303102656,,-7.626306968973438
DecisionTree,150.0,113.56261939971206,,-36.43738060028794
DecisionTree,150.0,193.62913713651145,,43.62913713651142
DecisionTree,150.0,133.4959575186753,,-16.50404248132469
DecisionTree,150.0,113.56261939971206,,-36.43738060028794
DecisionTree,150.0,129.79227895755398,,-20.207721042446025
DecisionTree,250.0,234.93427492574176,,-15.06572507425824
DecisionTree,250.0,299.46037411773466,,49.46037411773466
DecisionTree,250.0,247.6197147059204,,-2.3802852940796413
DecisionTree,250.0,256.859444446422,,6.859444446422003
DecisionTree,250.0,247.6197147059204,,-2.3802852940796413
DecisionTree,250.0,248.9707598948053,,-1.0292401051947024
DecisionTree,250.0,248.9707598948053,,-1.0292401051947024
DecisionTree,250.0,241.72749896626,,-8.272501033740014
DecisionTree,250.0,210.80428101752435,,-39.19571898247565
DecisionTree,250.0,210.80428101752435,,-39.19571898247565
DecisionTree,250.0,263.48553868326667,,13.485538683266668
DecisionTree,250.0,256.859444446422,,6.859444446422003
DecisionTree,250.0,253.1177562010496,,3.117756201049559
DecisionTree,250.0,300.23048169304684,,50.23048169304684
DecisionTree,250.0,263.48553868326667,,13.485538683266668
DecisionTree,250.0,256.859444446422,,6.859444446422003
DecisionTree,250.0,248.9707598948053,,-1.0292401051947024
DecisionTree,250.0,242.09183107920265,,-7.908168920797351
DecisionTree,250.0,248.9707598948053,,-1.0292401051947024
DecisionTree,250.0,241.72749896626,,-8.272501033740014
DecisionTree,320.0,329.31566485756,,9.315664857560025
DecisionTree,320.0,303.4349239268044,,-16.5650760731956
DecisionTree,320.0,309.23419207213226,,-10.76580792786774
DecisionTree,320.0,310.741663970329,,-9.258336029671
DecisionTree,320.0,321.4824225750526,,1.482422575052624
DecisionTree,320.0,336.94104715061815,,16.941047150618147
DecisionTree,320.0,335.4706113870395,,15.470611387039526
DecisionTree,320.0,290.5974390421094,,-29.40256095789061
DecisionTree,320.0,321.4824225750526,,1.482422575052624
DecisionTree,320.0,303.4349239268044,,-16.5650760731956
DecisionTree,320.0,300.23048169304684,,-19.76951830695316
DecisionTree,320.0,310.741663970329,,-9.258336029671
DecisionTree,320.0,364.9786895861317,,44.978689586131736
DecisionTree,320.0,309.23419207213226,,-10.76580792786774
DecisionTree,320.0,336.94104715061815,,16.941047150618147
DecisionTree,320.0,335.4706113870395,,15.470611387039526
DecisionTree,320.0,303.0623125235487,,-16.937687476451288
DecisionTree,320.0,314.67783630581243,,-5.322163694187566
DecisionTree,320.0,336.94104715061815,,16.941047150618147
DecisionTree,320.0,300.23048169304684,,-19.76951830695316
DecisionTree,380.0,395.08548909026126,,15.085489090261262
DecisionTree,380.0,377.8307566511408,,-2.1692433488591973
DecisionTree,380.0,371.89760225651855,,-8.102397743481447
DecisionTree,380.0,378.24792677109866,,-1.752073228901338
DecisionTree,380.0,395.08548909026126,,15.085489090261262
DecisionTree,380.0,373.9807809986448,,-6.019219001355168
DecisionTree,380.0,332.9850890336348,,-47.01491096636522
DecisionTree,380.0,350.66714853757395,,-29.33285146242605
DecisionTree,380.0,386.4226005339103,,6.422600533910327
DecisionTree,380.0,395.08548909026126,,15.085489090261262
DecisionTree,380.0,368.8825520008122,,-11.117447999187789
DecisionTree,380.0,377.288550561043,,-2.711449438957004
DecisionTree,380.0,380.4513141948185,,0.451314194818508
DecisionTree,380.0,387.4138454630447,,7.413845463044652
DecisionTree,380.0,386.4226005339103,,6.422600533910327
DecisionTree,380.0,386.4226005339103,,6.422600533910327
DecisionTree,380.0,395.08548909026126,,15.085489090261262
DecisionTree,380.0,365.9587494817373,,-14.0412505182627
DecisionTree,380.0,380.4513141948185,,0.451314194818508
DecisionTree,380.0,395.34289976526713,,15.342899765267134
RandomForest,60.0,49.53067669392032,,-10.46932330607968
RandomForest,60.0,49.99930832844813,,-10.00069167155187
RandomForest,60.0,74.30726931233697,,14.30726931233697
RandomForest,60.0,62.207296116659045,,2.207296116659045
RandomForest,60.0,68.68278639788609,,8.68278639788609
RandomForest,60.0,54.50078516009875,,-5.499214839901249
RandomForest,60.0,61.91458232079604,,1.914582320796036
RandomForest,60.0,77.23722546326727,,17.237225463267265
RandomForest,60.0,71.41409129550914,,11.414091295509138
RandomForest,60.0,70.86419752712789,,10.864197527127883
RandomForest,60.0,46.2379056234975,,-13.762094376502503
RandomForest,60.0,63.9976296207502,,3.997629620750196
RandomForest,60.0,68.26094222593278,,8.26094222593278
RandomForest,60.0,43.18315567838733,,-16.81684432161267
RandomForest,60.0,97.2311622661764,,37.23116226617641
RandomForest,60.0,52.81956162640664,,-7.180438373593361
RandomForest,60.0,60.758984344675966,,0.7589843446759659
RandomForest,60.0,62.95818241083624,,2.958182410836237
RandomForest,60.0,56.2489553363657,,-3.751044663634296
RandomForest,60.0,94.39983676109514,,34.399836761095145
RandomForest,150.0,138.23425199725293,,-11.765748002747074
RandomForest,150.0,162.00078386664458,,12.000783866644582
RandomForest,150.0,169.4092473804404,,19.409247380440405
RandomForest,150.0,142.18718712360416,,-7.812812876395839
RandomForest,150.0,174.34772894174006,,24.34772894174006
RandomForest,150.0,157.4203098759053,,7.420309875905303
RandomForest,150.0,163.70416169951233,,13.704161699512326
RandomForest,150.0,145.35628160633715,,-4.643718393662851
RandomForest,150.0,154.70026449215808,,4.700264492158084
RandomForest,150.0,134.01697759699712,,-15.983022403002876
RandomForest,150.0,154.41990061707153,,4.419900617071534
RandomForest,150.0,148.38196389783016,,-1.6180361021698388
RandomForest,150.0,162.8421651599884,,12.842165159988411
RandomForest,150.0,114.51418008447472,,-35.48581991552528
RandomForest,150.0,147.6481803778589,,-2.3518196221411074
RandomForest,150.0,117.74751084118952,,-32.25248915881049
RandomForest,150.0,189.9779412836756,,39.97794128367562
RandomForest,150.0,138.5547888608409,,-11.445211139159111
RandomForest,150.0,116.3717354664674,,-33.6282645335326
RandomForest,150.0,115.34009389749971,,-34.65990610250029
RandomForest,250.0,245.51033751288148,,-4.489662487118522
RandomForest,250.0,279.29320906583604,,29.29320906583604
RandomForest,250.0,255.36653323154815,,5.366533231548175
RandomForest,250.0,255.9442291861785,,5.944229186178518
RandomForest,250.0,257.4113050900825,,7.4113050900825215
RandomForest,250.0,253.4750748848828,,3.475074884882787
RandomForest,250.0,243.3340240961151,,-6.665975903884913
RandomForest,250.0,241.4059260239247,,-8.594073976075293
RandomForest,250.0,245.71959014941447,,-4.280409850585528
RandomForest,250.0,222.06458135155637,,-27.935418648443655
RandomForest,250.0,259.0767158952429,,9.0767158952429
RandomForest,250.0,247.55653788637213,,-2.4434621136278736
RandomForest,250.0,263.52245356488874,,13.522453564888735
RandomForest,250.0,293.12630551129723,,43.12630551129723
RandomForest,250.0,256.5655178896186,,6.565517889618604
RandomForest,250.0,231.98937966318724,,-18.010620336812764
RandomForest,250.0,247.0732799688245,,-2.9267200311754777
RandomForest,250.0,242.77063604083256,,-7.229363959167415
RandomForest,250.0,242.3344036591947,,-7.665596340805308
RandomForest,250.0,241.92656262411725,,-8.073437375882747
RandomForest,320.0,333.11473518717315,,13.114735187173151
RandomForest,320.0,299.809674511299,,-20.190325488700974
RandomForest,320.0,302.8767009218966,,-17.1232990781034
RandomForest,320.0,306.6553434511856,,-13.344656548814442
RandomForest,320.0,334.1675724021303,,14.167572402130304
RandomForest,320.0,337.49653293707,,17.496532937070015
RandomForest,320.0,320.7710776998881,,0.7710776998881101
RandomForest,320.0,300.9979478104417,,-19.0020521895583
RandomForest,320.0,328.9543732118245,,8.954373211824475
RandomForest,320.0,321.91809836504626,,1.9180983650462624
RandomForest,320.0,311.88210073562345,,-8.117899264376547
RandomForest,320.0,304.72330089586814,,-15.276699104131865
RandomForest,320.0,335.10414877078364,,15.104148770783638
RandomForest,320.0,310.6920244225364,,-9.307975577463594
RandomForest,320.0,324.76981640585103,,4.769816405851032
RandomForest,320.0,326.7220036391911,,6.722003639191087
RandomForest,320.0,310.5075880907348,,-9.492411909265172
RandomForest,320.0,316.02507191332614,,-3.974928086673856
RandomForest,320.0,322.3056994251882,,2.305699425188209
RandomForest,320.0,310.890480194762,,-9.109519805237994
RandomForest,380.0,389.3746185463689,,9.37461854636888
RandomForest,380.0,372.95092824210553,,-7.049071757894467
RandomForest,380.0,378.25184037942313,,-1.748159620576871
RandomForest,380.0,365.2736219927472,,-14.726378007252832
RandomForest,380.0,380.0685828413591,,0.0685828413590456
RandomForest,380.0,377.1522071589242,,-2.8477928410757727
RandomForest,380.0,347.91839950929875,,-32.08160049070125
RandomForest,380.0,369.3419970425417,,-10.65800295745828
RandomForest,380.0,375.7880515782546,,-4.211948421745376
RandomForest,380.0,389.4862851672021,,9.486285167202084
RandomForest,380.0,377.17397744483947,,-2.8260225551605345
RandomForest,380.0,385.7400827283928,,5.740082728392736
RandomForest,380.0,375.2388842782814,,-4.761115721718625
RandomForest,380.0,373.9822403980899,,-6.017759601910086
RandomForest,380.0,376.32142085683495,,-3.678579143165052
RandomForest,380.0,373.0864127285546,,-6.913587271445408
RandomForest,380.0,384.3511795127321,,4.351179512732074
RandomForest,380.0,366.98879215551017,,-13.011207844489832
RandomForest,380.0,381.3077250458997,,1.3077250458996446
RandomForest,380.0,393.2929000940328,,13.292900094032802
GradientBoosting,60.0,48.99609266939635,,-11.003907330603653
GradientBoosting,60.0,43.65311413483332,,-16.346885865166684
GradientBoosting,60.0,75.08596687595774,,15.085966875957736
GradientBoosting,60.0,56.2652262691652,,-3.734773730834796
GradientBoosting,60.0,61.70646565513911,,1.7064656551391053
GradientBoosting,60.0,63.36198906313152,,3.361989063131517
GradientBoosting,60.0,54.07793683080968,,-5.9220631691903165
GradientBoosting,60.0,72.52120723610918,,12.521207236109175
GradientBoosting,60.0,69.75265798010567,,9.752657980105669
GradientBoosting,60.0,62.10163360463381,,2.101633604633811
GradientBoosting,60.0,49.90309756929963,,-10.096902430700368
GradientBoosting,60.0,70.96607162921552,,10.96607162921552
GradientBoosting,60.0,74.71525870632219,,14.715258706322189
GradientBoosting,60.0,43.96772166394996,,-16.03227833605004
GradientBoosting,60.0,104.52181401759816,,44.521814017598174
GradientBoosting,60.0,56.53699308432631,,-3.463006915673695
GradientBoosting,60.0,66.1976231511405,,6.197623151140505
GradientBoosting,60.0,64.74849389898205,,4.748493898982048
GradientBoosting,60.0,52.7075499981892,,-7.292450001810806
GradientBoosting,60.0,75.45209979533695,,15.452099795336949
GradientBoosting,150.0,133.52886785223882,,-16.471132147761182
GradientBoosting,150.0,159.80861623602934,,9.808616236029335
GradientBoosting,150.0,171.04312373482142,,21.04312373482142
GradientBoosting,150.0,148.1573629544197,,-1.8426370455802896
GradientBoosting,150.0,167.85251319620306,,17.852513196203063
GradientBoosting,150.0,150.27044800677086,,0.270448006770863
GradientBoosting,150.0,156.77169051741487,,6.771690517414868
GradientBoosting,150.0,143.55349407517278,,-6.446505924827221
GradientBoosting,150.0,153.65271224963942,,3.652712249639421
GradientBoosting,150.0,136.58926660661928,,-13.410733393380724
GradientBoosting,150.0,150.7343909543444,,0.7343909543444056
GradientBoosting,150.0,148.81208938586556,,-1.187910614134438
GradientBoosting,150.0,159.1852176529007,,9.18521765290069
GradientBoosting,150.0,117.12196730638136,,-32.87803269361865
GradientBoosting,150.0,155.6980158254438,,5.698015825443804
GradientBoosting,150.0,120.06497558417712,,-29.935024415822863
GradientBoosting,150.0,182.6560265818028,,32.65602658180282
GradientBoosting,150.0,133.04039096535627,,-16.959609034643734
GradientBoosting,150.0,118.34288076718629,,-31.657119232813717
GradientBoosting,150.0,113.70197087686952,,-36.29802912313049
GradientBoosting,250.0,246.6055031197425,,-3.394496880257492
GradientBoosting,250.0,276.8863184852359,,26.886318485235904
GradientBoosting,250.0,256.1487778481433,,6.148777848143311
GradientBoosting,250.0,253.31414384601,,3.314143846009955
GradientBoosting,250.0,263.38464563329234,,13.384645633292337
GradientBoosting,250.0,255.01009808804653,,5.010098088046533
GradientBoosting,250.0,239.50343385949063,,-10.496566140509373
GradientBoosting,250.0,241.4280408719136,,-8.571959128086405
GradientBoosting,250.0,253.1785686331212,,3.178568633121216
GradientBoosting,250.0,224.21538639500235,,-25.784613604997645
GradientBoosting,250.0,263.40194078582164,,13.401940785821637
GradientBoosting,250.0,236.04950607278047,,-13.950493927219526
GradientBoosting,250.0,267.39066785057355,,17.39066785057355
GradientBoosting,250.0,292.2482499537756,,42.2482499537756
GradientBoosting,250.0,258.252527246787,,8.252527246786997
GradientBoosting,250.0,225.93851899386075,,-24.06148100613925
GradientBoosting,250.0,248.7499648303176,,-1.2500351696824057
GradientBoosting,250.0,241.56476097833243,,-8.43523902166757
GradientBoosting,250.0,237.69465089527463,,-12.305349104725366
GradientBoosting,250.0,236.31358545732925,,-13.686414542670748
GradientBoosting,320.0,339.03633515452776,,19.03633515452776
GradientBoosting,320.0,309.4824892216257,,-10.517510778374287
GradientBoosting,320.0,297.2254820033697,,-22.774517996630323
GradientBoosting,320.0,307.9843353489144,,-12.015664651085617
GradientBoosting,320.0,330.2823292364678,,10.282329236467774
GradientBoosting,320.0,338.25401397508267,,18.25401397508267
GradientBoosting,320.0,318.78881992327024,,-1.211180076729761
GradientBoosting,320.0,299.9670323357036,,-20.032967664296397
GradientBoosting,320.0,331.95961334107824,,11.95961334107824
GradientBoosting,320.0,323.6018431223875,,3.6018431223874927
GradientBoosting,320.0,311.0283909479952,,-8.971609052004794
GradientBoosting,320.0,306.8040175935842,,-13.195982406415794
GradientBoosting,320.0,330.57238868719617,,10.572388687196169
GradientBoosting,320.0,317.39856372706845,,-2.6014362729315508
GradientBoosting,320.0,312.4849957781545,,-7.5150042218455155
GradientBoosting,320.0,326.8862114379939,,6.886211437993893
GradientBoosting,320.0,302.25143403162457,,-17.74856596837543
GradientBoosting,320.0,319.13061661582634,,-0.8693833841736591
GradientBoosting,320.0,317.7988698821292,,-2.2011301178707754
GradientBoosting,320.0,292.32009695526807,,-27.67990304473193
GradientBoosting,380.0,387.6561513376147,,7.656151337614688
GradientBoosting,380.0,373.0810904313713,,-6.918909568628692
GradientBoosting,380.0,383.8105109122524,,3.8105109122524254
GradientBoosting,380.0,365.3632493054829,,-14.63675069451716
GradientBoosting,380.0,382.9647167485431,,2.9647167485430828
GradientBoosting,380.0,370.4066631351115,,-9.5933368648885
GradientBoosting,380.0,346.8894061407032,,-33.110593859296785
GradientBoosting,380.0,371.4594593221137,,-8.540540677886327
GradientBoosting,380.0,382.2455970095447,,2.245597009544724
GradientBoosting,380.0,386.750590824594,,6.750590824593985
GradientBoosting,380.0,382.670988424954,,2.6709884249540323
GradientBoosting,380.0,385.2902091186578,,5.290209118657799
GradientBoosting,380.0,373.1376202570289,,-6.862379742971086
GradientBoosting,380.0,379.65074854643706,,-0.3492514535629425
GradientBoosting,380.0,382.0334688015209,,2.0334688015208826
GradientBoosting,380.0,372.2687759708855,,-7.731224029114514
GradientBoosting,380.0,383.2164486093423,,3.216448609342308
GradientBoosting,380.0,375.15886305821664,,-4.841136941783361
GradientBoosting,380.0,375.44590787768334,,-4.554092122316661
GradientBoosting,380.0,398.17746946391145,,18.17746946391145
SVR,60.0,53.86708629707587,,-6.132913702924128
SVR,60.0,57.92917246397829,,-2.07082753602171
SVR,60.0,74.39111315386631,,14.391113153866314
SVR,60.0,63.09293223402628,,3.0929322340262786
SVR,60.0,53.2275274729277,,-6.772472527072296
SVR,60.0,63.03511942589816,,3.0351194258981598
SVR,60.0,56.4537799899275,,-3.5462200100725028
SVR,60.0,70.59596037731583,,10.595960377315834
SVR,60.0,71.6122695285006,,11.612269528500605
SVR,60.0,51.50578349717648,,-8.49421650282352
SVR,60.0,45.870397296019405,,-14.129602703980597
SVR,60.0,72.71519946515653,,12.71519946515653
SVR,60.0,73.29388111433079,,13.293881114330787
SVR,60.0,60.14841262274351,,0.1484126227435069
SVR,60.0,104.78139926801114,,44.78139926801114
SVR,60.0,60.10125125984955,,0.1012512598495476
SVR,60.0,70.23079798657588,,10.23079798657588
SVR,60.0,68.70530120188101,,8.705301201881014
SVR,60.0,57.22466569597569,,-2.7753343040243124
SVR,60.0,82.36772277983346,,22.367722779833457
SVR,150.0,135.19564919179675,,-14.804350808203251
SVR,150.0,155.20878743264166,,5.208787432641657
SVR,150.0,171.0742661152629,,21.0742661152629
SVR,150.0,146.5562446985418,,-3.4437553014581965
SVR,150.0,163.69298218553104,,13.692982185531037
SVR,150.0,161.3023716532361,,11.302371653236094
SVR,150.0,154.3029249660222,,4.302924966022204
SVR,150.0,149.6122033105255,,-0.3877966894744986
SVR,150.0,161.6972878838652,,11.697287883865188
SVR,150.0,142.4752643445059,,-7.524735655494112
SVR,150.0,154.47165977264274,,4.471659772642738
SVR,150.0,142.13739042896387,,-7.862609571036131
SVR,150.0,157.08502602362594,,7.085026023625943
SVR,150.0,129.11959448578762,,-20.880405514212384
SVR,150.0,157.77644193439284,,7.776441934392835
SVR,150.0,115.38203349915996,,-34.61796650084004
SVR,150.0,180.255334113974,,30.255334113973987
SVR,150.0,142.863441906039,,-7.136558093961014
SVR,150.0,118.77398269200287,,-31.226017307997125
SVR,150.0,127.05433280581214,,-22.945667194187862
SVR,250.0,240.20847752356843,,-9.791522476431568
SVR,250.0,274.69273096904635,,24.69273096904635
SVR,250.0,249.7099603152897,,-0.2900396847102797
SVR,250.0,262.7084427142517,,12.708442714251705
SVR,250.0,264.2929916732466,,14.292991673246604
SVR,250.0,249.44058997133047,,-0.5594100286695323
SVR,250.0,245.12836902143,,-4.871630978570039
SVR,250.0,250.45448575080812,,0.4544857508081463
SVR,250.0,256.6967584427639,,6.696758442763894
SVR,250.0,225.6706207246546,,-24.32937927534539
SVR,250.0,262.9200285241768,,12.920028524176756
SVR,250.0,242.14614393728493,,-7.853856062715067
SVR,250.0,269.20043437663765,,19.200434376637645
SVR,250.0,282.4534584033554,,32.4534584033554
SVR,250.0,259.14972375822305,,9.149723758223049
SVR,250.0,233.57034472448493,,-16.429655275515074
SVR,250.0,249.4237460938643,,-0.5762539061356904
SVR,250.0,248.912523599288,,-1.087476400711978
SVR,250.0,239.6080218817491,,-10.391978118250904
SVR,250.0,242.42859002498776,,-7.571409975012216
SVR,320.0,333.4919481835995,,13.491948183599504
SVR,320.0,307.3760342604114,,-12.623965739588584
SVR,320.0,283.56299566376174,,-36.43700433623826
SVR,320.0,310.93625357616224,,-9.063746423837756
SVR,320.0,331.4517304903728,,11.451730490372768
SVR,320.0,339.2423984623612,,19.24239846236117
SVR,320.0,326.2926789301385,,6.292678930138493
SVR,320.0,308.6048357118828,,-11.3951642881172
SVR,320.0,327.3760137367008,,7.37601373670077
SVR,320.0,316.6079511338771,,-3.3920488661228774
SVR,320.0,316.9207963195936,,-3.079203680406408
SVR,320.0,300.9461401330589,,-19.05385986694108
SVR,320.0,319.4029552651081,,-0.597044734891881
SVR,320.0,298.2272747313317,,-21.772725268668296
SVR,320.0,328.0895083494119,,8.089508349411915
SVR,320.0,323.68597298270817,,3.685972982708165
SVR,320.0,307.68773378175393,,-12.312266218246066
SVR,320.0,314.38218118129294,,-5.617818818707065
SVR,320.0,324.02014576012834,,4.020145760128344
SVR,320.0,304.9179642510038,,-15.08203574899619
SVR,380.0,391.7599634945254,,11.75996349452538
SVR,380.0,365.5385741721891,,-14.4614258278109
SVR,380.0,383.5125884137638,,3.512588413763808
SVR,380.0,357.9047450636177,,-22.095254936382275
SVR,380.0,374.63184824841926,,-5.36815175158074
SVR,380.0,373.29337529702553,,-6.706624702974466
SVR,380.0,348.01689742419853,,-31.983102575801468
SVR,380.0,362.858672105627,,-17.141327894372978
SVR,380.0,371.0978595116656,,-8.902140488334453
SVR,380.0,384.8522834863795,,4.85228348637952
SVR,380.0,389.8242710723501,,9.824271072350086
SVR,380.0,397.3891882092952,,17.38918820929524
SVR,380.0,376.46754301853423,,-3.5324569814657707
SVR,380.0,356.93603983629475,,-23.063960163705246
SVR,380.0,350.90958013016024,,-29.090419869839764
SVR,380.0,369.2305231167052,,-10.769476883294772
SVR,380.0,383.2744107372719,,3.2744107372719213
SVR,380.0,382.6818852925105,,2.6818852925105148
SVR,380.0,387.00822078192914,,7.00822078192914
SVR,380.0,409.4146841948617,,29.414684194861707
KNN,60.0,69.55817314283017,,9.55817314283017
KNN,60.0,79.81949235664071,,19.81949235664071
KNN,60.0,60.71920713801405,,0.719207138014049
KNN,60.0,58.40964100253128,,-1.5903589974687264
KNN,60.0,62.492792934994135,,2.492792934994135
KNN,60.0,99.75968225057883,,39.75968225057885
KNN,60.0,93.0288602722361,,33.0288602722361
KNN,60.0,95.37015482946455,,35.37015482946455
KNN,60.0,90.77439495421264,,30.774394954212653
KNN,60.0,77.6800917972808,,17.680091797280795
KNN,60.0,65.120224352878,,5.120224352877997
KNN,60.0,71.85304299979707,,11.853042999797069
KNN,60.0,61.9288612285724,,1.9288612285723945
KNN,60.0,66.36481589702494,,6.36481589702494
KNN,60.0,112.18237935287804,,52.18237935287805
KNN,60.0,63.23469247672846,,3.234692476728462
KNN,60.0,53.8916179015006,,-6.108382098499398
KNN,60.0,62.611385138152365,,2.6113851381523645
KNN,60.0,58.51007978721961,,-1.4899202127803903
KNN,60.0,87.26540801937527,,27.265408019375272
KNN,150.0,147.4761989896778,,-2.523801010322188
KNN,150.0,159.1330352800757,,9.133035280075688
KNN,150.0,152.15325639170115,,2.1532563917011487
KNN,150.0,159.60556253747407,,9.605562537474071
KNN,150.0,161.07433114959326,,11.074331149593265
KNN,150.0,176.74449405978936,,26.74449405978936
KNN,150.0,155.59354195310252,,5.593541953102516
KNN,150.0,133.1968396257965,,-16.803160374203486
KNN,150.0,150.82139528797833,,0.8213952879783335
KNN,150.0,155.0163726758182,,5.0163726758181895
KNN,150.0,163.53532903054008,,13.535329030540083
KNN,150.0,111.840751209143,,-38.159248790857006
KNN,150.0,133.17448434783685,,-16.825515652163148
KNN,150.0,127.36039319396808,,-22.63960680603192
KNN,150.0,165.8367250721759,,15.83672507217591
KNN,150.0,111.97550869426354,,-38.02449130573646
KNN,150.0,180.23941852674395,,30.239418526743947
KNN,150.0,141.06969606560227,,-8.930303934397728
KNN,150.0,110.86892209422275,,-39.131077905777246
KNN,150.0,114.4855898088174,,-35.514410191182606
KNN,250.0,248.2866136960627,,-1.7133863039373125
KNN,250.0,273.56536703909825,,23.56536703909825
KNN,250.0,242.1522307003262,,-7.847769299673786
KNN,250.0,258.02998129838426,,8.029981298384257
KNN,250.0,245.01485550830375,,-4.985144491696218
KNN,250.0,259.883991658642,,9.883991658642003
KNN,250.0,219.88894302993853,,-30.11105697006147
KNN,250.0,245.18349698622256,,-4.816503013777435
KNN,250.0,240.30845713009012,,-9.691542869909853
KNN,250.0,216.58700903273223,,-33.412990967267746
KNN,250.0,263.67196449158894,,13.671964491588938
KNN,250.0,215.39949867916457,,-34.600501320835434
KNN,250.0,273.32039190840493,,23.32039190840493
KNN,250.0,300.7180113590864,,50.7180113590864
KNN,250.0,243.0303192777509,,-6.969680722249137
KNN,250.0,218.3681709416689,,-31.631829058331107
KNN,250.0,251.30906164191785,,1.3090616419178502
KNN,250.0,260.53221300575984,,10.532213005759845
KNN,250.0,241.4175840583483,,-8.582415941651703
KNN,250.0,241.8012884973091,,-8.198711502690912
KNN,320.0,327.6531701541807,,7.653170154180714
KNN,320.0,313.60710305331406,,-6.392896946685937
KNN,320.0,276.204208628428,,-43.79579137157202
KNN,320.0,307.737635451733,,-12.262364548266987
KNN,320.0,332.9737399346847,,12.973739934684716
KNN,320.0,346.1234678208943,,26.12346782089429
KNN,320.0,319.82873535817055,,-0.1712646418294525
KNN,320.0,309.1432925226003,,-10.85670747739971
KNN,320.0,340.4649125818087,,20.46491258180868
KNN,320.0,327.4112890235104,,7.411289023510392
KNN,320.0,326.39555780551854,,6.395557805518536
KNN,320.0,283.52812269047035,,-36.471877309529646
KNN,320.0,331.4967662204102,,11.496766220410224
KNN,320.0,278.51893641507326,,-41.48106358492674
KNN,320.0,337.41676106341106,,17.41676106341106
KNN,320.0,329.7019638841386,,9.701963884138593
KNN,320.0,315.92841498220355,,-4.071585017796451
KNN,320.0,333.4262106650149,,13.426210665014878
KNN,320.0,338.2212695892317,,18.221269589231724
KNN,320.0,309.4251011124986,,-10.574898887501377
KNN,380.0,389.7800600736615,,9.780060073661446
KNN,380.0,363.75718382536087,,-16.24281617463913
KNN,380.0,387.69630481650745,,7.69630481650745
KNN,380.0,374.11307571157687,,-5.886924288423131
KNN,380.0,374.9212288034276,,-5.078771196572404
KNN,380.0,345.9406066492988,,-34.059393350701214
KNN,380.0,354.66585672297003,,-25.33414327702997
KNN,380.0,369.4618048285079,,-10.538195171492134
KNN,380.0,382.77523964975217,,2.775239649752166
KNN,380.0,383.9586734047763,,3.9586734047762775
KNN,380.0,374.7526353222725,,-5.247364677727489
KNN,380.0,373.6093219180337,,-6.390678081966314
KNN,380.0,373.29244078977086,,-6.707559210229135
KNN,380.0,364.2597305938863,,-15.740269406113724
KNN,380.0,361.99874084039095,,-18.00125915960905
KNN,380.0,378.7604264538671,,-1.239573546132931
KNN,380.0,378.53880672683056,,-1.4611932731694424
KNN,380.0,376.0167753650604,,-3.983224634939575
KNN,380.0,388.8646050414386,,8.864605041438608
KNN,380.0,384.5103264124232,,4.51032641242324
MLP,60.0,58.21806602216597,,-1.7819339778340364
MLP,60.0,61.63222719803658,,1.6322271980365812
MLP,60.0,65.73636220620459,,5.736362206204589
MLP,60.0,73.37527386762889,,13.375273867628891
MLP,60.0,59.84906279431108,,-0.1509372056889191
MLP,60.0,52.69186196771996,,-7.308138032280041
MLP,60.0,51.125546742216535,,-8.874453257783465
MLP,60.0,69.36106629316872,,9.36106629316872
MLP,60.0,74.49448787276926,,14.494487872769255
MLP,60.0,62.02369642809995,,2.023696428099953
MLP,60.0,61.335314747842304,,1.335314747842304
MLP,60.0,74.03555293047579,,14.035552930475788
MLP,60.0,71.22495722575258,,11.224957225752576
MLP,60.0,72.56077397033043,,12.56077397033043
MLP,60.0,102.75844139433217,,42.758441394332166
MLP,60.0,69.4961641653871,,9.4961641653871
MLP,60.0,62.66751091153871,,2.667510911538713
MLP,60.0,75.40663239267265,,15.406632392672648
MLP,60.0,53.43692725772087,,-6.563072742279132
MLP,60.0,79.06887532179263,,19.068875321792632
MLP,150.0,143.73091949400802,,-6.26908050599198
MLP,150.0,157.69112411084438,,7.691124110844385
MLP,150.0,169.2827894816642,,19.2827894816642
MLP,150.0,134.85308412568466,,-15.14691587431534
MLP,150.0,150.66901984271948,,0.6690198427194787
MLP,150.0,158.1198701588451,,8.119870158845089
MLP,150.0,161.3974686189245,,11.397468618924536
MLP,150.0,144.64225353342715,,-5.3577464665728485
MLP,150.0,161.03574701602227,,11.03574701602227
MLP,150.0,146.8529296890216,,-3.1470703109783926
MLP,150.0,156.5977211012992,,6.597721101299214
MLP,150.0,140.03068446485565,,-9.969315535144377
MLP,150.0,160.40267595006023,,10.402675950060228
MLP,150.0,127.76190527928064,,-22.23809472071936
MLP,150.0,159.54209921017423,,9.542099210174229
MLP,150.0,124.64983212839792,,-25.35016787160208
MLP,150.0,177.21033096629682,,27.210330966296823
MLP,150.0,140.9195866213613,,-9.080413378638696
MLP,150.0,128.7918330131663,,-21.208166986833703
MLP,150.0,118.33847687297036,,-31.661523127029653
MLP,250.0,240.3278428377696,,-9.672157162230375
MLP,250.0,261.9331844327841,,11.933184432784117
MLP,250.0,248.56382289016105,,-1.436177109838951
MLP,250.0,265.37078873893705,,15.370788738937051
MLP,250.0,268.28987260837624,,18.289872608376243
MLP,250.0,264.5783403759454,,14.578340375945402
MLP,250.0,246.46528543041717,,-3.53471456958286
MLP,250.0,245.7928711401944,,-4.207128859805579
MLP,250.0,301.93819200948184,,51.93819200948184
MLP,250.0,224.84364226001,,-25.15635773999
MLP,250.0,261.00639077694035,,11.00639077694035
MLP,250.0,239.3587071267802,,-10.641292873219813
MLP,250.0,267.26545260103404,,17.265452601034042
MLP,250.0,282.6270506176705,,32.62705061767048
MLP,250.0,256.6187166146346,,6.618716614634593
MLP,250.0,236.97919494686295,,-13.020805053137025
MLP,250.0,259.86151178112067,,9.861511781120669
MLP,250.0,243.5178742817096,,-6.482125718290405
MLP,250.0,249.75255924791944,,-0.2474407520805641
MLP,250.0,256.75551745735135,,6.7555174573513455
MLP,320.0,332.7738787736506,,12.773878773650608
MLP,320.0,300.5323014952157,,-19.467698504784323
MLP,320.0,285.92468846522763,,-34.07531153477237
MLP,320.0,304.0062332759933,,-15.99376672400672
MLP,320.0,339.4060522164793,,19.40605221647928
MLP,320.0,333.7453031793448,,13.745303179344774
MLP,320.0,321.2391177065202,,1.239117706520176
MLP,320.0,313.4683772855891,,-6.531622714410901
MLP,320.0,329.9123434217377,,9.912343421737717
MLP,320.0,325.00297287638074,,5.002972876380738
MLP,320.0,315.66707723102087,,-4.332922768979131
MLP,320.0,304.8498933525442,,-15.1501066474558
MLP,320.0,327.2622140621432,,7.262214062143187
MLP,320.0,320.02256264032513,,0.0225626403251339
MLP,320.0,320.26931420420703,,0.2693142042070349
MLP,320.0,321.8927005143266,,1.8927005143265772
MLP,320.0,308.72146489763475,,-11.278535102365254
MLP,320.0,309.6948269178218,,-10.305173082178214
MLP,320.0,318.81948673087453,,-1.1805132691254698
MLP,320.0,303.5635452805536,,-16.43645471944643
MLP,380.0,399.47112088885984,,19.471120888859843
MLP,380.0,368.89462285800187,,-11.105377141998131
MLP,380.0,386.950702426688,,6.950702426687997
MLP,380.0,359.8690903214784,,-20.13090967852162
MLP,380.0,378.91848252205153,,-1.0815174779484664
MLP,380.0,370.544946113625,,-9.45505388637497
MLP,380.0,355.89964546711843,,-24.100354532881568
MLP,380.0,367.5421503667026,,-12.457849633297371
MLP,380.0,368.1483941619485,,-11.851605838051457
MLP,380.0,392.084235214733,,12.084235214733042
MLP,380.0,390.9583837655756,,10.958383765575547
MLP,380.0,394.2226340735829,,14.222634073582924
MLP,380.0,375.643558681078,,-4.356441318922009
MLP,380.0,390.1589224825254,,10.158922482525384
MLP,380.0,372.0605546547239,,-7.939445345276113
MLP,380.0,365.8267715269184,,-14.173228473081622
MLP,380.0,408.7941053763821,,28.794105376382102
MLP,380.0,381.50251637200057,,1.5025163720005708
MLP,380.0,384.5954479962617,,4.595447996261726
MLP,380.0,413.6030741787553,,33.60307417875532
GPR,60.0,54.76948895843819,13.493569487109566,-5.230511041561812
GPR,60.0,42.15756959286642,14.134052065124209,-17.842430407133577
GPR,60.0,75.624121476715,12.499006995134856,15.624121476715004
GPR,60.0,64.72687689392353,12.821584615535327,4.726876893923532
GPR,60.0,54.58104173594822,13.788981270750067,-5.418958264051781
GPR,60.0,62.25755747468844,12.893615259757915,2.25755747468844
GPR,60.0,57.594598213341726,12.676377180243469,-2.405401786658274
GPR,60.0,69.01005197917189,12.835035405708377,9.010051979171893
GPR,60.0,70.58113582751548,12.953085786728964,10.581135827515482
GPR,60.0,48.335791947079855,14.53838174218894,-11.664208052920143
GPR,60.0,37.74577357058567,13.403335698177418,-22.25422642941433
GPR,60.0,72.44330750096725,13.155229825961763,12.44330750096725
GPR,60.0,76.61237611754638,12.63647461327515,16.612376117546376
GPR,60.0,44.208931507941486,13.969065457179626,-15.791068492058514
GPR,60.0,105.3446488418876,12.56483517341102,45.34464884188759
GPR,60.0,68.80426768849406,12.97842271264218,8.804267688494065
GPR,60.0,71.52255876718758,12.574813459451397,11.522558767187576
GPR,60.0,68.46867239483637,13.067679261201553,8.468672394836375
GPR,60.0,60.1614474646066,12.604955578999268,0.1614474646065957
GPR,60.0,87.01676285261051,12.96803462175446,27.016762852610512
GPR,150.0,138.3005538762925,13.170240612360317,-11.699446123707505
GPR,150.0,159.30618330736982,12.95723867295308,9.30618330736982
GPR,150.0,171.15853872052617,12.88539585635781,21.158538720526167
GPR,150.0,146.3463050258787,12.693863327178503,-3.653694974121265
GPR,150.0,164.78765374006403,12.580115801262563,14.78765374006403
GPR,150.0,161.33090965747036,12.9635058989966,11.330909657470356
GPR,150.0,155.96872282460606,12.736921879542118,5.968722824606061
GPR,150.0,148.91860675643522,12.492765839997164,-1.0813932435647755
GPR,150.0,160.99940387066505,12.483779661772804,10.999403870665049
GPR,150.0,146.0420618073356,12.66009913876782,-3.957938192664415
GPR,150.0,152.832545814031,12.801787905342549,2.8325458140309934
GPR,150.0,145.79822659415734,12.992182382573656,-4.201773405842658
GPR,150.0,160.27058488479602,12.915506316761892,10.270584884796024
GPR,150.0,129.23173541631343,12.685554848968936,-20.768264583686573
GPR,150.0,158.56870502085707,13.050378126815978,8.568705020857067
GPR,150.0,116.1095760958805,12.960581810791233,-33.8904239041195
GPR,150.0,180.18814954787732,12.44020175030848,30.188149547877345
GPR,150.0,137.35871271343171,12.609114284096815,-12.641287286568286
GPR,150.0,121.8872895735961,13.11550528838711,-28.112710426403893
GPR,150.0,125.93805259138384,12.78638571837327,-24.06194740861615
GPR,250.0,240.8358864390962,12.491370250247654,-9.164113560903786
GPR,250.0,267.6432995581963,13.023755992275104,17.643299558196304
GPR,250.0,249.5231250125277,12.693068130878457,-0.4768749874723426
GPR,250.0,251.83438419011367,13.45280841079616,1.834384190113667
GPR,250.0,258.26245816107985,12.648078930093538,8.262458161079849
GPR,250.0,248.92344333948887,13.101579499243323,-1.0765566605111303
GPR,250.0,245.19520553195275,12.675575116619465,-4.804794468047248
GPR,250.0,244.03194129804064,13.095795661494304,-5.9680587019593645
GPR,250.0,272.4435810426221,15.77938316879149,22.4435810426221
GPR,250.0,223.71118458966816,12.560800451453083,-26.28881541033184
GPR,250.0,259.8334067371295,12.438360383779814,9.833406737129508
GPR,250.0,237.35587444634197,12.728059312365485,-12.644125553658055
GPR,250.0,268.6572984563411,12.514225711738517,18.657298456341096
GPR,250.0,280.6647190517556,13.257449027894356,30.664719051755583
GPR,250.0,258.9521567297936,12.754590654610208,8.952156729793614
GPR,250.0,236.90472581315348,12.715625481904716,-13.095274186846524
GPR,250.0,251.1830942864784,12.76327640844387,1.1830942864783651
GPR,250.0,247.84398396925843,12.551214329878134,-2.156016030741569
GPR,250.0,238.05831422807307,12.818250086713023,-11.941685771926927
GPR,250.0,239.7993226306976,13.044552423727618,-10.200677369302412
GPR,320.0,331.7342477440832,12.476295826213931,11.734247744083175
GPR,320.0,307.08151905211287,12.53732427217551,-12.918480947887131
GPR,320.0,286.3639976148302,13.316877067737042,-33.636002385169775
GPR,320.0,313.05404631765265,12.484801515079376,-6.945953682347351
GPR,320.0,341.6900236078398,12.917651245747654,21.690023607839805
GPR,320.0,333.4067115588939,12.889041811473623,13.406711558893903
GPR,320.0,326.2936403226672,12.63640233118096,6.293640322667216
GPR,320.0,309.9945121919999,12.86270609561877,-10.005487808000112
GPR,320.0,328.4338619543571,13.121498542542462,8.433861954357099
GPR,320.0,315.7196369450868,12.865544337585458,-4.2803630549132095
GPR,320.0,313.9233173838171,13.28178963393838,-6.076682616182893
GPR,320.0,299.11633712756776,12.694929836044231,-20.88366287243224
GPR,320.0,314.4890374875764,12.859575756020709,-5.510962512423589
GPR,320.0,307.2892298213508,13.632671789823975,-12.710770178649229
GPR,320.0,324.30443409446093,12.87200053266759,4.30443409446093
GPR,320.0,324.61810361943964,12.676353888277983,4.618103619439637
GPR,320.0,309.1806762905653,12.70586901025629,-10.819323709434684
GPR,320.0,312.84343598317207,12.638596456904905,-7.156564016827929
GPR,320.0,323.57669942234725,12.749758436939167,3.5766994223472466
GPR,320.0,304.31023736098206,12.688436908623794,-15.689762639017944
GPR,380.0,394.9884046784978,12.940614890278828,14.988404678497773
GPR,380.0,360.26221832258307,12.907219603822282,-19.737781677416933
GPR,380.0,376.8768067372863,12.991632383422694,-3.1231932627136985
GPR,380.0,362.9230519024144,12.84060645321228,-17.076948097585614
GPR,380.0,381.26208840516745,12.841330822183146,1.2620884051674466
GPR,380.0,370.35651290711127,12.698183869500744,-9.643487092888734
GPR,380.0,348.96025064857884,13.3245184672762,-31.039749351421165
GPR,380.0,363.0162965993332,13.153942577134966,-16.983703400666855
GPR,380.0,375.77454734767406,12.662564417016984,-4.2254526523259415
GPR,380.0,395.24461302574537,13.006841530372917,15.244613025745366
GPR,380.0,387.62991857636666,13.445855730223656,7.629918576366663
GPR,380.0,395.80281910458734,12.63406284709922,15.802819104587345
GPR,380.0,377.234926662138,13.015870276862248,-2.7650733378620203
GPR,380.0,372.0181894607833,16.656444707625916,-7.981810539216667
GPR,380.0,347.6187743330934,17.266727813374626,-32.38122566690657
GPR,380.0,375.0174404161072,13.192025780530315,-4.982559583892794
GPR,380.0,401.7482376317513,14.494905098851032,21.74823763175129
GPR,380.0,382.96462907537375,12.782584848469606,2.9646290753737503
GPR,380.0,389.1708388717083,13.09295421495367,9.170838871708328
GPR,380.0,416.6121757179296,13.092902114156283,36.61217571792963
